loss,mape,val_loss,val_mape
0.014279866591095924,152655.796875,0.007896026596426964,267237.8125
0.005998631473630667,61095.546875,0.00480062747374177,199657.421875
0.005215953104197979,59807.359375,0.007190152537077665,202051.078125
0.004740285221487284,54585.21875,0.00449881749227643,241753.21875
0.0044820308685302734,54305.359375,0.003916643094271421,212826.0625
0.004267525859177113,62076.0390625,0.003942123614251614,194106.03125
0.004095423500984907,54578.2578125,0.003845489351078868,192770.859375
0.003977563697844744,53286.390625,0.0045173377729952335,207368.578125
0.003833741182461381,44529.89453125,0.0035741697065532207,217414.640625
0.0036699550691992044,46832.375,0.0031987891998142004,176801.0625
0.003538026474416256,56132.0078125,0.0031970138661563396,177486.875
0.0034561362117528915,43487.44140625,0.003060691524296999,168111.65625
0.0034138145856559277,40624.53125,0.0033733260352164507,122774.1796875
0.0033682910725474358,41212.80078125,0.003015346359461546,147501.4375
0.0033322451636195183,41890.3671875,0.0030289182905107737,126479.453125
0.0032865016255527735,38798.42578125,0.00308868451975286,142998.125
0.003297297516837716,38082.46484375,0.002951576141640544,141519.109375
0.003258563345298171,39590.75390625,0.003220215206965804,138827.46875
0.0032974982168525457,45094.609375,0.002922374289482832,146636.171875
0.003291625762358308,37275.609375,0.0029132713098078966,125708.5
0.0032551006879657507,38256.0625,0.0028992805164307356,127103.4375
0.0032366146333515644,47832.48828125,0.0032792361453175545,140013.984375
0.00322485133074224,37925.04296875,0.003005394246429205,128687.5703125
0.0032285579945892096,38296.234375,0.0029029478318989277,144937.125
0.003192012431100011,43896.46484375,0.0028914804570376873,133080.171875
0.0032146882731467485,35913.453125,0.003086530137807131,125053.1484375
0.003189522074535489,36488.6640625,0.00315499329008162,161127.984375
0.0031908275559544563,40959.6796875,0.002930705901235342,149340.25
0.003160144668072462,37570.4921875,0.0030467105098068714,120122.9921875
0.0031507830135524273,32149.576171875,0.0033813982736319304,100814.9609375
0.0031417901627719402,34328.26953125,0.0030677979812026024,129184.953125
0.003155643120408058,36089.23046875,0.002839775290340185,110689.484375
0.0031180221121758223,37713.2734375,0.0028959736227989197,114805.046875
0.003133391262963414,40496.8046875,0.0029642826411873102,119848.421875
0.0031224777922034264,39315.9609375,0.003292651381343603,107242.9921875
0.003139836946502328,38730.5390625,0.0028057415038347244,114835.34375
0.003117566928267479,31286.0390625,0.0028168330900371075,103685.390625
0.003130330005660653,32927.32421875,0.003380631096661091,101219.515625
0.0031040599569678307,43885.59375,0.0028016450814902782,111588.0078125
0.0031058001331984997,35530.18359375,0.0029430892318487167,106907.078125
0.0030893406365066767,32851.8046875,0.002967915963381529,103684.15625
0.003105232957750559,34221.7734375,0.003180540632456541,103710.7890625
0.0030565501656383276,34915.75390625,0.002819567918777466,118626.25
0.003056344809010625,33472.55078125,0.003074990352615714,132656.109375
0.003072020597755909,31064.365234375,0.0030788287986069918,86627.2421875
0.003057163907214999,28244.98828125,0.002917835721746087,102178.6328125
0.0030678866896778345,32630.13671875,0.002834988059476018,109765.2421875
0.0030562528409063816,31705.0234375,0.0029809328261762857,127208.0078125
0.0030396785587072372,30198.13671875,0.002849113428965211,85626.8203125
0.003038831055164337,33581.734375,0.0027641078922897577,98893.7890625
0.0030287569388747215,31790.21484375,0.00281391479074955,124161.6484375
0.0030485023744404316,34138.08984375,0.0027857040986418724,114455.765625
0.003018842777237296,34211.76171875,0.002814359962940216,89356.75
0.002992386929690838,27318.51953125,0.002786810975521803,120088.8671875
0.003015032270923257,36174.73046875,0.002726729493588209,100618.8828125
0.0029915841296315193,27474.126953125,0.0027557071298360825,97914.0859375
0.002992881229147315,31697.45703125,0.0029534860514104366,99931.4453125
0.003013829467818141,27161.453125,0.002718639327213168,102458.5390625
0.0029738089069724083,25159.994140625,0.0027045533061027527,100476.359375
0.0029745930805802345,38632.640625,0.002947339555248618,89666.0703125
0.0030124569311738014,26930.87890625,0.002723866142332554,99945.796875
0.002987692831084132,30923.96484375,0.00278637558221817,98852.359375
0.002977916970849037,28836.654296875,0.00289679947309196,85083.859375
0.0029685928020626307,35622.04296875,0.0028009009547531605,111374.34375
0.0029589254409074783,29734.09765625,0.0028027957305312157,101494.65625
0.0029468091670423746,29372.869140625,0.0029623517766594887,96961.0625
0.0029593724757432938,29503.1171875,0.002905635628849268,81419.421875
0.002969025634229183,28338.591796875,0.002739987801760435,83908.828125
0.002943364903330803,31700.734375,0.0036566886119544506,78823.546875
0.0029832893051207066,26144.412109375,0.00267825392074883,90224.4765625
0.0029258306603878736,27876.234375,0.003089452860876918,91578.546875
0.0029332097619771957,32900.0234375,0.00319304340519011,102285.984375
0.0029269177466630936,28480.943359375,0.0027030950877815485,94135.4140625
0.0029449292924255133,28037.22265625,0.002730288775637746,100572.0078125
0.002927396446466446,29836.197265625,0.002732758643105626,101825.296875
0.002945327665656805,26889.654296875,0.002688879147171974,81910.6875
0.002928461180999875,22332.98046875,0.002762377494946122,107894.7265625
0.0029294979758560658,23517.86328125,0.0027251094579696655,84289.6953125
0.0029544385615736246,30422.240234375,0.002947874367237091,96389.3125
0.002925904467701912,23873.26953125,0.0026889964938163757,74318.7265625
0.0029364246875047684,26125.244140625,0.0026645862963050604,83609.5
0.0029165626037865877,24700.4375,0.0026788644026964903,87106.8359375
0.0029230332002043724,27483.912109375,0.0026747635565698147,81178.6171875
0.002917315810918808,28390.41796875,0.003290676511824131,70059.8046875
0.00291988393291831,29027.0234375,0.002729239175096154,83338.15625
0.0029195938259363174,21971.119140625,0.002845320152118802,103799.8046875
0.0029044225811958313,24482.73828125,0.002676011761650443,75828.5
0.0029035634361207485,28660.59765625,0.002810753183439374,85227.4296875
0.0029012151062488556,24531.16015625,0.002790844300761819,96093.5703125
0.002903673332184553,21391.908203125,0.002717203926295042,87845.9296875
0.002901445608586073,26762.240234375,0.0027388185262680054,104605.1796875
0.002916725818067789,26034.072265625,0.0028648909647017717,65099.98046875
0.002890254370868206,27776.908203125,0.0026512457989156246,84412.5
0.0028993997257202864,26296.7265625,0.0027264931704849005,64991.23828125
0.0029145716689527035,30262.5546875,0.002649485832080245,75719.9453125
0.0029163730796426535,27756.7109375,0.0028018292505294085,110275.2421875
0.0028857358265668154,32333.4765625,0.0026533380150794983,74452.109375
0.0028845572378486395,28125.767578125,0.0030357912182807922,69597.671875
0.0028554825112223625,26975.609375,0.0026507736183702946,72965.2265625
0.0028735464438796043,25938.435546875,0.0026768497191369534,58533.8046875
0.002887107664719224,23602.162109375,0.0027011518832296133,78089.6015625
0.0028709429316222668,23129.00390625,0.0026395281311124563,67105.1953125
0.002885376801714301,24560.08984375,0.0036451832856982946,95854.8046875
0.0028671857435256243,24753.353515625,0.0028914129361510277,64412.2578125
0.002872641198337078,22281.318359375,0.0029288153164088726,93169.5625
0.002871588570997119,25607.466796875,0.002653762698173523,60663.34765625
0.0028685361612588167,22030.8828125,0.0034055940341204405,80089.765625
0.0028817327693104744,22358.81640625,0.002748017432168126,70016.984375
0.002856293460354209,31563.32421875,0.0028427683282643557,79751.015625
0.0028748183976858854,27293.697265625,0.002654215320944786,69183.0625
0.0028348376508802176,24607.2734375,0.002621856052428484,71330.1015625
0.0028715329244732857,25944.673828125,0.0026222779415547848,62327.18359375
0.002831128193065524,25456.453125,0.002664888044819236,70973.34375
0.0028514647856354713,23665.39453125,0.002931494265794754,106460.8984375
0.0028486810624599457,22587.326171875,0.002718717325478792,79723.46875
0.0028723333962261677,31122.54296875,0.002643492305651307,82652.6875
0.0028327428735792637,23703.732421875,0.002705788239836693,79111.6328125
0.0028196172788739204,21211.904296875,0.0026460676454007626,56408.20703125
0.00283086858689785,22600.083984375,0.0029625657480210066,61120.296875
0.0028299184050410986,22023.03515625,0.002641197992488742,80123.4140625
0.0028298392426222563,24398.744140625,0.002890162169933319,62078.99609375
0.00283288792707026,22955.66015625,0.002705692546442151,96041.453125
0.0028425606433302164,29490.583984375,0.0030976333655416965,55814.01953125
0.0028401738964021206,25074.587890625,0.002700463403016329,55327.41015625
0.002849368378520012,21835.9765625,0.002755941590294242,96699.2734375
0.002831785473972559,17675.673828125,0.0027269686106592417,60692.890625
0.0028277854435145855,24036.583984375,0.002776716137304902,56537.07421875
0.002840544329956174,18394.19921875,0.0031949570402503014,50575.3046875
0.0028348055202513933,27718.751953125,0.0026961436960846186,66542.421875
0.002831255318596959,25787.400390625,0.002646969398483634,83868.953125
0.0028292464558035135,24678.30859375,0.002618033904582262,67540.5
0.0027927584014832973,23002.083984375,0.0028753834776580334,68351.9609375
0.002823430113494396,24118.9921875,0.0026102301198989153,60318.3515625
0.0028058141469955444,26083.791015625,0.0027401535771787167,54594.58203125
0.0027999943122267723,23769.208984375,0.0028116421308368444,69286.6484375
0.0028137615881860256,22457.787109375,0.0031329968478530645,53492.328125
0.0028412798419594765,20357.009765625,0.002671662485226989,59023.23046875
0.0028084944933652878,21307.48828125,0.0029897522181272507,73724.078125
0.0028071340639144182,19941.83203125,0.002788461046293378,68139.6328125
0.0028092178981751204,19669.794921875,0.0026586579624563456,88350.53125
0.0027762216050177813,26096.2265625,0.0026510402094572783,44199.30078125
0.0027950804214924574,21833.32421875,0.003031197702512145,55365.15625
0.0027937600389122963,26591.048828125,0.0031467308290302753,61539.46875
0.002806643024086952,20021.228515625,0.002653486328199506,79233.4921875
0.00280274311080575,18136.05078125,0.002620208775624633,56174.765625
0.0027750341687351465,25333.662109375,0.0027043172158300877,59607.34375
0.0027904047165066004,19881.2578125,0.002896413439884782,64711.62890625
0.0028009137604385614,22925.271484375,0.002601237967610359,56079.453125
0.0027930012438446283,22300.80859375,0.0026705239433795214,77598.671875
0.0027789531741291285,23599.478515625,0.0030269334092736244,52705.23828125
0.002780955983325839,21014.87890625,0.0027571809478104115,48446.08203125
0.002805751748383045,21884.95703125,0.0026927555445581675,57410.796875
0.0028049955144524574,24196.029296875,0.002627633512020111,73150.9140625
0.002790626371279359,17125.318359375,0.0025922011118382215,57893.02734375
0.002795596607029438,17738.19140625,0.002685221377760172,62161.07421875
0.0028066232334822416,19823.1328125,0.0030052410438656807,87539.640625
0.0028069419786334038,19233.138671875,0.002894891193136573,53815.2890625
0.002795969834551215,27695.650390625,0.002787619363516569,46971.25
0.0027774388436228037,21738.0390625,0.0026042626705020666,54340.23828125
0.002791372826322913,17705.287109375,0.0026540090329945087,61159.9140625
0.0027866039890795946,24638.630859375,0.00262489914894104,61068.97265625
0.0027869693003594875,17820.099609375,0.002604342997074127,70016.2890625
0.0028114449232816696,25264.486328125,0.002625801367685199,69282.0
0.002799120033159852,19852.2421875,0.002795996842905879,41938.31640625
0.0027878019027411938,20801.13671875,0.0030789501033723354,53849.02734375
0.0027821494732052088,22639.99609375,0.0025944451335817575,65430.76953125
0.0027434693183749914,16880.66015625,0.0026268060319125652,66175.3203125
0.002778208116069436,20278.8671875,0.002620517974719405,81703.375
0.0027637043967843056,22768.61328125,0.0025823127944022417,57969.08984375
0.002782635623589158,19183.927734375,0.002613645512610674,46189.08984375
0.002775157568976283,20194.416015625,0.0026921345852315426,65809.03125
0.002780747599899769,19995.16796875,0.0026471007149666548,52007.4140625
0.002765930024906993,23401.03515625,0.002677198965102434,48877.56640625
0.002771604573354125,24375.775390625,0.0027979458682239056,61317.41796875
0.0027749116998165846,25595.537109375,0.002581308363005519,53626.0625
0.0027514954563230276,21065.705078125,0.0026834600139409304,60088.61328125
0.0027517047710716724,22151.541015625,0.0027270489372313023,71173.6015625
0.002751933177933097,17888.17578125,0.0025992167647928,49234.6953125
0.00275591597892344,21667.314453125,0.0028004765044897795,47836.1015625
0.00274936412461102,22517.234375,0.002644116058945656,44771.28125
0.0027287688571959734,21599.8359375,0.002698603319004178,82447.734375
0.0027582740876823664,21597.595703125,0.0027281385846436024,58067.5625
0.0027555562555789948,21065.94921875,0.002576325088739395,63869.62890625
0.0027866943273693323,17202.27734375,0.0026405053213238716,44710.80078125
0.002744626486673951,20420.5859375,0.002585563575848937,57607.16796875
0.0027420700062066317,22628.794921875,0.0025976295582950115,72497.328125
0.002737077185884118,17761.150390625,0.002829291857779026,58924.27734375
0.002752915723249316,22466.12890625,0.002676250645890832,55869.05078125
0.0027561397291719913,17143.4140625,0.0026406459510326385,39256.19140625
0.002745045116171241,18032.529296875,0.0026390699204057455,64929.41015625
0.002751885214820504,18821.55078125,0.0026346519589424133,45957.96484375
0.0027529087383300066,21217.505859375,0.0025956721510738134,66554.2421875
0.002759839640930295,22373.7265625,0.002579329302534461,57860.2890625
0.002734593814238906,22264.3828125,0.0026008125860244036,51283.07421875
0.002769442507997155,30771.689453125,0.0026576307136565447,88932.8515625
0.002743187127634883,21474.05078125,0.002585615497082472,58548.359375
0.002758170710876584,18735.029296875,0.0026834856253117323,59351.15234375
0.002746022306382656,26266.091796875,0.002639544429257512,79256.859375
0.0027282219380140305,24224.310546875,0.002614426426589489,45156.703125
0.002732685999944806,19091.07421875,0.0027990571688860655,53348.84375
0.0027441608253866434,23313.787109375,0.0026122299022972584,46810.83984375
0.0027352026663720608,22510.515625,0.0025764440651983023,57872.33984375
0.0027500942815095186,20113.279296875,0.002638275269418955,59543.5234375
0.0027371475007385015,22021.83984375,0.0026679905131459236,77592.046875
0.0027317774947732687,24873.3359375,0.002600912470370531,65840.640625
0.002725341822952032,30088.009765625,0.002645944245159626,48871.65625
0.0027225150261074305,20763.150390625,0.002708492334932089,46133.80859375
0.002741673029959202,21317.603515625,0.0026979173999279737,58349.9453125
0.0027175266295671463,24516.732421875,0.002621073741465807,53986.14453125
0.0027403340209275484,17544.181640625,0.0028823884204030037,56901.1875
0.002718966454267502,19914.013671875,0.0026073851622641087,48607.4453125
0.00270818080753088,18325.216796875,0.0026051667518913746,65023.0234375
0.002740921452641487,22958.26171875,0.002605124143883586,79484.171875
0.0027271276339888573,18644.791015625,0.00257422705180943,47743.640625
0.0027392995543777943,19295.060546875,0.0026888020802289248,61806.23046875
0.0027212752029299736,19194.837890625,0.002678376156836748,57911.76171875
0.0027310948353260756,21178.33203125,0.0026670382358133793,39845.84375
0.002729987259954214,18134.15234375,0.0026298377197235823,46079.56640625
0.0027085640467703342,21948.7734375,0.002571794902905822,58270.00390625
0.0027382925618439913,20714.537109375,0.0026906076818704605,45712.9375
0.002691708505153656,26408.77734375,0.0026815521996468306,66066.234375
0.002689519664272666,20740.24609375,0.0025989532005041838,70583.109375
0.002710694447159767,21672.2265625,0.0026896619237959385,62640.02734375
0.0027305895928293467,21776.927734375,0.002700343495234847,61696.8125
0.0027286976110190153,21033.630859375,0.002575829392299056,58946.75390625
0.0027279716450721025,20954.990234375,0.0028771397192031145,85622.046875
0.0027403119020164013,18307.560546875,0.0027022655121982098,50008.09765625
0.0027126295026391745,20152.16796875,0.002573775826022029,77096.4609375
0.00270919525064528,20296.580078125,0.002618438098579645,52564.82421875
0.0027023176662623882,18396.02734375,0.002613753080368042,81306.59375
0.0027008072938770056,22065.84375,0.002647713990882039,48199.04296875
0.0027101654559373856,17688.48828125,0.0025444072671234608,54133.81640625
0.0027066939510405064,22682.7109375,0.002599770203232765,71608.9375
0.0027009944897145033,21920.130859375,0.0025550774298608303,55091.546875
0.0026941834948956966,18751.375,0.0027863020077347755,55178.03515625
0.0026858244091272354,22118.1328125,0.002943923929706216,29984.357421875
0.002709893975406885,26403.1875,0.0025413695257157087,52963.81640625
0.002694535767659545,18566.115234375,0.0025427155196666718,53170.5234375
0.0026961131952703,20243.15234375,0.002560779917985201,50930.546875
0.002702956087887287,20250.91015625,0.002624096814543009,72767.859375
0.0027062001172453165,15154.9375,0.0027671651914715767,50012.91015625
0.002694488735869527,20868.97265625,0.0025869798846542835,79077.5234375
0.002694451017305255,22060.951171875,0.002596895908936858,40833.69140625
0.0027116176206618547,23623.751953125,0.002539327135309577,51189.66015625
0.0026897089555859566,21169.443359375,0.0026099830865859985,63978.26171875
0.0026878006756305695,20682.763671875,0.0026690370868891478,33943.64453125
0.002681037411093712,15047.302734375,0.0025383494794368744,49680.33984375
0.0027045642491430044,20619.98828125,0.0025327675975859165,69729.734375
0.0026680242735892534,20417.6796875,0.0025976006872951984,58357.859375
0.00267718150280416,18955.75390625,0.002756430534645915,39317.90625
0.0027062823064625263,19795.375,0.0026687723584473133,52804.84765625
0.002676606411114335,23320.408203125,0.0025696000084280968,52289.6875
0.0026967674493789673,21164.505859375,0.0025896853767335415,46279.890625
0.0026699109002947807,19382.73046875,0.0025410959497094154,49161.83203125
0.002689531771466136,19154.591796875,0.0026165463495999575,41059.671875
0.0026803056243807077,18750.3125,0.002591492375358939,42398.71484375
0.0026683732867240906,20195.740234375,0.0025761614087969065,52826.6171875
0.0026637252885848284,20197.91015625,0.0026554674841463566,57311.90625
0.0026692685205489397,18079.13671875,0.002528013661503792,60423.34375
0.002669898560270667,19728.7421875,0.002800827147439122,30615.462890625
0.0026829249691218138,19290.826171875,0.0027091619558632374,100481.296875
0.002694154856726527,22036.25390625,0.002522775437682867,67570.3671875
0.0026672177482396364,18896.84765625,0.002547686453908682,63808.04296875
0.0026828693225979805,21964.9609375,0.002660948084667325,51625.7421875
0.0026740040630102158,25469.1640625,0.002761768875643611,36284.59765625
0.002676150528714061,22154.53515625,0.002837552223354578,48366.3359375
0.002659340389072895,20182.205078125,0.002625087508931756,76423.46875
0.002700038254261017,17894.865234375,0.002568635856732726,39820.890625
0.0026537987869232893,18431.791015625,0.0025438100565224886,54987.9296875
0.00267540174536407,21269.220703125,0.0025824271142482758,47860.296875
0.0026671108789741993,20319.6328125,0.0025918292813003063,55517.02734375
0.0026744615752249956,18643.5703125,0.002529190620407462,48705.00390625
0.0026515754871070385,16964.998046875,0.0025891829282045364,55152.75390625
0.002650677924975753,18314.76953125,0.0025678405072540045,45568.28125
0.002692075213417411,20522.3359375,0.0025465968064963818,71882.6875
0.0026512094773352146,21474.322265625,0.002564162714406848,74563.4453125
0.0026602190919220448,19602.841796875,0.0026057667564600706,91829.296875
0.002664986765012145,21899.712890625,0.002785089425742626,69399.1953125
0.0026546816807240248,22320.41015625,0.0025136619806289673,48096.61328125
0.002645922591909766,17882.03125,0.0027798519004136324,38600.19921875
0.0026738636661320925,17999.271484375,0.00252332235686481,55700.046875
0.0026696340646594763,18807.990234375,0.0025425904896110296,52261.41015625
0.0026611785870045424,20394.71875,0.0027016729582101107,85489.15625
0.002659266348928213,23453.32421875,0.002595330588519573,44805.58984375
0.0026707116048783064,23595.44921875,0.0025528694968670607,48918.22265625
0.002658246085047722,20375.9140625,0.002527439035475254,62410.265625
0.002650499576702714,18401.501953125,0.0025416077114641666,51556.6171875
0.002643137238919735,16608.390625,0.0026344952639192343,70600.2890625
0.0026574507355690002,19213.90625,0.002568609779700637,51002.3203125
0.002656887285411358,18193.220703125,0.0025289617478847504,50136.5703125
0.002642377745360136,17382.79296875,0.002616357756778598,47922.64453125
0.0026502429973334074,19522.82421875,0.0025570967700332403,62779.59375
0.002644073450937867,17103.806640625,0.00252506323158741,74807.421875
0.002661127829924226,18398.6640625,0.0025286448653787374,43053.53125
0.002640176098793745,19495.5,0.002577024744823575,45105.93359375
0.0026722366455942392,18993.681640625,0.0025232357438653708,60142.9609375
0.0026542653795331717,16545.59375,0.0025153416208922863,46404.421875
0.0026732017286121845,20569.53125,0.00263043912127614,40074.71484375
0.0026570416521281004,17078.18359375,0.0025372356176376343,57166.80078125
0.0026680119335651398,19636.43359375,0.002554496517404914,73174.203125
0.0026682063471525908,18696.259765625,0.0025620623491704464,73267.9921875
0.002674906048923731,19111.703125,0.0025204289704561234,70646.3828125
0.002663122257217765,19256.03125,0.00255108205601573,66016.7890625
0.0026538847014307976,21923.77734375,0.002507217926904559,70507.6875
0.0026350480038672686,16770.658203125,0.0026609492488205433,47626.12890625
0.0026534285861998796,20927.052734375,0.0026381390634924173,60204.859375
0.002651313552632928,19943.546875,0.002517950488254428,70664.9375
0.002655356889590621,18844.890625,0.0025007070507854223,59250.21484375
0.0026557266246527433,21149.7734375,0.0027904286980628967,61132.5234375
0.0026634305249899626,21653.7109375,0.0025951864663511515,41412.20703125
0.0026605590246617794,15945.521484375,0.0025014407001435757,51015.08984375
0.002658600453287363,16111.0517578125,0.0026052184402942657,35134.69140625
0.002648215042427182,19061.287109375,0.0025441600009799004,47250.1015625
0.0026493894401937723,24119.689453125,0.0026486702263355255,47968.9765625
0.002664007944986224,17044.36328125,0.002500524977222085,49287.1171875
0.002642090432345867,19464.67578125,0.0026256560813635588,50229.41796875
0.002659801160916686,19160.537109375,0.002510377438738942,45762.5703125
0.0026424690149724483,20777.150390625,0.002528093522414565,51838.296875
0.0026264404878020287,21943.759765625,0.0025214573834091425,61627.59375
0.0026767468079924583,22216.408203125,0.0026098880916833878,78195.25
0.0026321697514504194,22053.7421875,0.0025118107441812754,54938.734375
0.002650084439665079,18887.720703125,0.0024854035582393408,59896.44921875
0.00265622534789145,18143.599609375,0.0024931910447776318,55848.0
0.0026390354614704847,18037.3828125,0.002520117210224271,55541.69140625
0.0026432659942656755,20653.427734375,0.0025332695804536343,77042.0234375
0.0026338936295360327,22563.02734375,0.00264039752073586,40878.80078125
0.0026616789400577545,21680.591796875,0.0026250642258673906,51632.53125
0.0026366717647761106,18392.056640625,0.0025035683065652847,48097.140625
0.0026365311350673437,19764.642578125,0.0025343559682369232,79749.890625
0.002649557776749134,18253.671875,0.002594684949144721,53033.90234375
0.0026367278769612312,24848.908203125,0.0026002663653343916,52049.36328125
0.0026364836376160383,22161.552734375,0.0024953801184892654,58200.71875
0.0026326703373342752,19332.6640625,0.0026449006982147694,35426.7421875
0.002641363302245736,16446.669921875,0.00271171354688704,49843.5234375
0.002630361821502447,20194.92578125,0.0024931724183261395,55665.609375
0.0026412380393594503,21341.609375,0.0025760645512491465,42254.7109375
0.0026317976880818605,17612.74609375,0.002515441970899701,55102.71875
0.002648627618327737,17343.060546875,0.0026451225858181715,88658.890625
0.0026266402564942837,19976.56640625,0.0025006569921970367,53599.890625
0.002636708552017808,20045.302734375,0.0025043513160198927,48439.98046875
0.0026208111084997654,17515.990234375,0.0025484191719442606,40254.65625
0.002632160671055317,16928.341796875,0.0026197731494903564,51841.59375
0.0026390445418655872,23737.224609375,0.0025388807989656925,49361.7421875
0.002644296968355775,18347.72265625,0.002555323066189885,50902.91015625
0.00264477776363492,19914.9921875,0.00255960738286376,65218.1953125
0.0026449537836015224,20274.025390625,0.0025038861203938723,49552.5
0.0026400708593428135,18849.416015625,0.0026322167832404375,44329.77734375
0.0026482990942895412,21372.720703125,0.002486511366441846,51774.2578125
0.002635538810864091,24845.36328125,0.0024959882721304893,66802.296875
0.002644867403432727,18272.171875,0.0025144419632852077,45972.37890625
0.002627447945997119,20105.091796875,0.0024931582156568766,67266.625
0.002642642240971327,22776.421875,0.002531413920223713,65611.6953125
0.002619092585518956,20090.849609375,0.002534575294703245,47130.4765625
0.002616753801703453,19940.685546875,0.0025407103821635246,46230.96484375
0.0026622749865055084,21821.125,0.0025300236884504557,57635.73828125
0.0026372773572802544,20741.486328125,0.002485481556504965,64387.25390625
0.002651452086865902,22176.287109375,0.0026185971219092607,76111.5859375
0.002641115803271532,22797.515625,0.0026305646169930696,53431.37109375
0.002646042499691248,22590.4921875,0.00265060318633914,49950.5859375
0.0026280509773641825,18200.609375,0.0024991948157548904,54023.1484375
0.0026489151641726494,18112.638671875,0.002549032447859645,50713.59765625
0.0026235259138047695,23125.15234375,0.0025863880291581154,62398.98046875
0.0026235494296997786,23032.98046875,0.002496540080755949,52979.8359375
0.002638279227539897,17077.919921875,0.002502108458429575,51821.37109375
0.0026209785137325525,18587.462890625,0.00256466050632298,42732.140625
0.002623148262500763,19083.3515625,0.0025268709287047386,42408.17578125
0.002635355107486248,19445.55078125,0.0025671639014035463,54267.2578125
0.0026338286697864532,21061.05078125,0.0024959631264209747,71835.8828125
0.0026246649213135242,17549.203125,0.0026121351402252913,50663.5625
0.0026436070911586285,21556.69140625,0.0024892971850931644,52362.9921875
0.0026613289956003428,17969.876953125,0.002514819148927927,71964.625
0.00264198356308043,25528.0234375,0.0024940711446106434,52522.58984375
0.0026206225156784058,21111.04296875,0.0025936830788850784,49004.1015625
0.0026200285647064447,19137.19140625,0.0025009920354932547,59357.625
0.0026086827274411917,17636.244140625,0.002504390198737383,53731.125
0.00263386033475399,15806.8134765625,0.002488449215888977,56554.921875
0.0026393053121864796,19466.59765625,0.0024996858555823565,68172.3984375
0.0026243343017995358,17390.314453125,0.002632299903780222,59057.37109375
0.0026401726063340902,23511.47265625,0.0024962362367659807,49428.87890625
0.002623599022626877,18849.109375,0.002511953469365835,48828.38671875
0.002643061336129904,17759.53125,0.0025801127776503563,54227.7421875
0.0026296968571841717,17784.51171875,0.002551953075453639,73994.2109375
0.0026198492851108313,19160.83984375,0.0026248516514897346,64200.87890625
0.002632899209856987,25817.73046875,0.002586985006928444,57066.671875
0.00264825695194304,20363.1484375,0.002489992417395115,53516.01953125
0.0026440955698490143,16098.5439453125,0.0024874266237020493,54070.3125
0.002623913576826453,19407.26171875,0.0026326675433665514,46963.05859375
0.0026523794513195753,22680.619140625,0.0024862242862582207,53259.28515625
0.0026260982267558575,17559.263671875,0.0025134715251624584,48286.078125
0.002623331965878606,17665.193359375,0.0025338311679661274,62378.94140625
0.0026362796779721975,22761.833984375,0.0025323894806206226,56131.265625
0.002621567342430353,19392.20703125,0.002499545691534877,67242.640625
0.002624086569994688,17706.845703125,0.002496229950338602,55602.3515625
0.0026058757212013006,18490.26171875,0.0027023155707865953,57931.3828125
0.0026322032790631056,19785.294921875,0.0025655205827206373,43910.42578125
0.002632258692756295,17698.54296875,0.002544937888160348,55054.94921875
0.0026349846739321947,18279.318359375,0.002528625074774027,57607.859375
0.0026437267661094666,20727.978515625,0.002520236885175109,50660.03515625
0.0026209517382085323,22426.0234375,0.0025423732586205006,51269.07421875
0.0026187016628682613,16922.1796875,0.0025201367679983377,85027.859375
0.002641549799591303,20411.16015625,0.0024876692332327366,57434.828125
0.0026516462676227093,20957.470703125,0.0025353352539241314,46291.72265625
0.0026087367441505194,18146.0546875,0.0024858913384377956,52378.11328125
0.0026326889637857676,20357.544921875,0.0024884077720344067,64522.92578125
0.0026339590549468994,20486.12109375,0.0025752391666173935,46095.2734375
0.0026169109623879194,17117.79296875,0.0025098836049437523,76218.953125
0.0026293094269931316,22900.505859375,0.002513654064387083,56445.9296875
0.0026199622079730034,21137.861328125,0.0025026823859661818,56704.0546875
0.0026174287777394056,21746.63671875,0.0026027285493910313,48031.203125
0.002627552719786763,20853.662109375,0.0024803883861750364,68209.4375
0.0026063385885208845,21040.822265625,0.0025222974363714457,58322.16796875
0.002620603423565626,17479.826171875,0.002530410187318921,46021.4921875
0.0026158997789025307,21026.89453125,0.002482151845470071,64166.58203125
0.0026138860266655684,20809.12890625,0.0025104719679802656,65758.96875
0.002632941585034132,20400.494140625,0.0025207046419382095,52715.77734375
0.0026185372844338417,18948.94140625,0.0025906211230903864,62542.40234375
0.002607227535918355,18727.380859375,0.002602542284876108,59760.2421875
0.00262433267198503,21994.01171875,0.0024740316439419985,58798.765625
0.0026271692477166653,23200.953125,0.002476003486663103,58235.85546875
0.0026165891904383898,20771.837890625,0.0024947812780737877,51161.484375
0.002606102731078863,21317.85546875,0.002510461490601301,53912.1640625
0.0026253918185830116,16251.0419921875,0.002471314510330558,63331.83203125
0.0026034957263618708,16997.80859375,0.0025056798476725817,53892.2578125
0.0026289434172213078,21128.828125,0.0025132857263088226,47119.22265625
0.002633184427395463,18235.65625,0.0025000963360071182,53763.5390625
0.0026047255378216505,17202.8125,0.0024789634626358747,58765.84765625
0.002608794951811433,24304.751953125,0.0024747606366872787,65294.40234375
0.002634282922372222,20867.337890625,0.002467426471412182,62149.62109375
0.002629718277603388,19641.03515625,0.0024903754238039255,59178.79296875
0.002630312694236636,19430.6796875,0.0024776379577815533,66216.421875
0.0026141954585909843,21649.37109375,0.002603078493848443,64971.22265625
0.0026159267872571945,20606.111328125,0.0025422098115086555,69902.8984375
0.0025945347733795643,17056.076171875,0.002523380797356367,60025.79296875
0.0026175084058195353,18582.06640625,0.0024900883436203003,53864.6484375
0.0026278290897607803,21795.140625,0.002608503680676222,56889.90234375
0.002606332767754793,23244.8515625,0.0024776896461844444,68825.84375
0.0026098513044416904,18290.8984375,0.002496786881238222,52279.28125
0.002633875934407115,20293.025390625,0.0025016318541020155,49256.01171875
0.0026194883976131678,20209.3515625,0.0026729153469204903,50896.96484375
0.0026268623769283295,20102.998046875,0.002635088050737977,48894.828125
0.002618293045088649,23232.064453125,0.0024745436385273933,58880.99609375
0.002630088245496154,15524.359375,0.0024821634870022535,58013.07421875
0.00261131813749671,22826.412109375,0.002537511056289077,48527.39453125
0.0026119959075003862,22010.328125,0.0026701362803578377,63221.56640625
0.00262851151637733,20204.947265625,0.002641346538439393,54933.19921875
0.0026108338497579098,22853.978515625,0.002483455929905176,69403.28125
0.0026186183094978333,20607.080078125,0.002490254584699869,71320.9609375
0.002610973548144102,19132.150390625,0.002493208507075906,52494.99609375
0.002623970154672861,23449.875,0.002490031300112605,71396.515625
0.00262517761439085,23820.34375,0.002492898842319846,72807.7578125
0.0026174539234489202,19293.10546875,0.0025064691435545683,48302.7421875
0.0026017676573246717,22920.525390625,0.002731668995693326,65781.6015625
0.002625175518915057,23416.6015625,0.002712611574679613,67760.7734375
0.0026157971005886793,24224.40625,0.00248528691008687,53953.16796875
0.00262524769641459,19542.806640625,0.0024720579385757446,61930.1953125
0.002616708632558584,19945.265625,0.002480784198269248,54603.05859375
0.0026168052572757006,22489.298828125,0.0025913198478519917,88372.8203125
0.002616362413391471,20277.70703125,0.002489778446033597,54927.93359375
0.0026328766252845526,16831.298828125,0.002483794465661049,69313.6484375
0.002616673242300749,18056.75390625,0.0025308968033641577,62184.16015625
0.0026263014879077673,20488.92578125,0.002471654675900936,62002.18359375
0.0026258404832333326,17683.970703125,0.002534135477617383,65926.9453125
0.0026228853967040777,22234.759765625,0.002512363251298666,59458.6953125
0.002606984693557024,21876.12890625,0.0025595608167350292,66570.4296875
0.0026314924471080303,20834.521484375,0.002475850051268935,66526.6875
0.0026159610133618116,19057.701171875,0.002585905371233821,50337.4453125
0.002614422235637903,16594.48828125,0.0024714579340070486,57838.19140625
0.002613718155771494,19048.07421875,0.002730392850935459,55549.1015625
0.0026119514368474483,17084.599609375,0.0025126475375145674,74062.9453125
0.00260417559184134,18557.044921875,0.0025216354988515377,57643.15625
0.0026053539477288723,17518.705078125,0.002474965760484338,55067.1015625
0.0026088228914886713,20394.921875,0.0025052595883607864,50192.15234375
0.0026034198235720396,19322.740234375,0.002594985533505678,52639.33203125
0.0026161312125623226,18621.8046875,0.0027751328889280558,47753.8984375
0.002614483702927828,21684.076171875,0.0026684787590056658,45150.0546875
0.0025890020187944174,23378.61328125,0.002514913212507963,80965.8984375
0.002608993323519826,19910.0078125,0.0024845623411238194,69771.5859375
0.0026181666180491447,18862.71484375,0.002458128146827221,58443.59375
0.002625321503728628,19135.30078125,0.00250267144292593,59552.828125
0.0025968425907194614,18977.97265625,0.002630386035889387,55439.0625
0.0026144501753151417,21115.2890625,0.0024862776044756174,71566.96875
0.00261539313942194,15617.35546875,0.0024977761786431074,61747.53125
0.0025936607271432877,19088.52734375,0.002471049316227436,63929.64453125
0.0026034379843622446,20867.689453125,0.00250489660538733,50974.59765625
0.0025969776324927807,20496.330078125,0.0025061164051294327,51910.890625
0.0026127409655600786,23850.87109375,0.0025869745295494795,62472.109375
0.002606087364256382,18793.666015625,0.002466245088726282,66605.6953125
0.0026269257068634033,20047.478515625,0.0025394235271960497,94345.0078125
0.002615454141050577,20924.494140625,0.002464571036398411,64236.28125
0.0025826457422226667,17023.33203125,0.0025559209752827883,52394.25
0.002600498031824827,22430.859375,0.002702442929148674,66287.1171875
0.002624383196234703,17828.0703125,0.0024846033193171024,53837.109375
0.0026065404526889324,17448.630859375,0.002475856803357601,72366.296875
0.002626296365633607,19414.337890625,0.002552037825807929,83521.828125
0.0026034044567495584,18610.5703125,0.002498927991837263,62841.96484375
0.002615252509713173,19059.263671875,0.0025682151317596436,61424.42578125
0.002598464023321867,15487.1748046875,0.002537768566980958,66947.6953125
0.0025985015090554953,20001.44140625,0.002505337120965123,56254.20703125
0.0026032410096377134,17568.8203125,0.0025372556410729885,50168.8125
0.002611322794109583,23737.236328125,0.002460477640852332,66078.640625
0.002619045088067651,22336.98046875,0.0025203279219567776,50276.08203125
0.0026101067196577787,20494.55078125,0.002503537805750966,62069.54296875
0.002614520024508238,23370.158203125,0.0025095792952924967,71274.015625
0.00259832083247602,19688.36328125,0.0025258527603000402,48570.40234375
0.0026064224075526,19050.255859375,0.0024711580481380224,56805.83203125
0.0025871475227177143,22404.171875,0.002614448545500636,105049.9296875
0.0025978877674788237,21257.255859375,0.0025764917954802513,52399.05859375
0.0026146303862333298,22827.615234375,0.0025172170717269182,65755.9921875
0.0026203112211078405,18031.27734375,0.002550926525145769,54614.890625
0.002598090562969446,20392.068359375,0.0025188103318214417,73074.9921875
0.0025957520119845867,16920.650390625,0.002500387839972973,74301.46875
0.0026205480098724365,18607.97265625,0.0025651808828115463,91962.96875
0.0026165046729147434,18559.517578125,0.002455528825521469,64708.12890625
0.0026071355678141117,21805.205078125,0.0024938329588621855,52890.3125
0.0026269396767020226,19888.318359375,0.0025443912018090487,57111.31640625
0.002605627290904522,20224.494140625,0.00246820249594748,55862.546875
0.002601914806291461,21722.005859375,0.002473794622346759,57796.92578125
0.002590579679235816,19216.712890625,0.00248215370811522,55223.0390625
0.002614647848531604,21663.4453125,0.0025334367528557777,54223.75
0.0026037124916911125,20674.529296875,0.0025273130740970373,52652.5234375
0.0026155742816627026,20047.974609375,0.0024825716391205788,64365.890625
0.0025876271538436413,23380.98828125,0.0024810531176626682,54345.57421875
0.002587311202660203,21065.216796875,0.002634997246786952,56263.72265625
0.0025979543570429087,19413.623046875,0.0024692448787391186,62281.3671875
0.002606084570288658,18855.3515625,0.0025217810180038214,49421.890625
0.0026092971675097942,20277.58203125,0.0025566574186086655,81458.84375
0.002593719633296132,22964.677734375,0.002474687062203884,65787.9296875
0.0025956020690500736,21160.849609375,0.0024753680918365717,56205.8203125
0.0025780764408409595,23069.8046875,0.002503755036741495,52083.4453125
0.0026013744063675404,21415.185546875,0.0025330635253340006,90524.390625
0.0026128801982849836,25159.857421875,0.002700601937249303,64811.265625
0.002606678754091263,21442.109375,0.0024945500772446394,65501.125
0.002591947326436639,19371.77734375,0.0024909002240747213,66647.6875
0.0026089330203831196,21308.419921875,0.0025446955114603043,57704.3359375
0.002602066844701767,20860.240234375,0.0024568585213273764,60973.49609375
0.002587344264611602,18361.84375,0.002471142914146185,57115.96484375
0.0026051485911011696,21595.013671875,0.0025179230142384768,56427.36328125
0.002602142747491598,20492.26171875,0.0026240274310112,65165.40234375
0.0025856206193566322,20951.58203125,0.0025533193256706,52542.546875
0.0025815581902861595,21799.462890625,0.002450731350108981,61140.57421875
0.0026125693693757057,21255.115234375,0.0024444444570690393,70647.40625
0.002604762092232704,20493.57421875,0.002521543763577938,59211.00390625
0.0026030251756310463,21627.9453125,0.0024429697077721357,63389.8359375
0.0025925138033926487,20068.78125,0.0024756446946412325,69482.921875
0.002588968724012375,19087.958984375,0.0025009815581142902,84934.859375
0.002590511692687869,19766.541015625,0.002488989382982254,77512.3359375
0.0026090461760759354,19387.650390625,0.002494397573173046,54851.4140625
0.0026135423686355352,21623.919921875,0.002455103676766157,60664.8125
0.0026126361917704344,23301.541015625,0.0024730744771659374,65543.609375
0.0025947019457817078,21930.671875,0.0024469085037708282,63454.74609375
0.002595213707536459,21515.126953125,0.0024910508655011654,55224.2734375
0.002587447641417384,16620.55078125,0.0025147295091301203,53849.8203125
0.002577877836301923,19357.322265625,0.002612280659377575,60765.58984375
0.002600866835564375,20020.888671875,0.0025192289613187313,58835.109375
0.0025972994044423103,20057.193359375,0.0024822023697197437,55153.734375
0.0026071241591125727,20539.64453125,0.002451706677675247,58600.48828125
0.0025896355509757996,20479.87890625,0.002462131902575493,64565.6953125
0.002600126899778843,21903.6328125,0.002540889661759138,69318.046875
0.0025833421386778355,22878.40234375,0.0024640802294015884,60339.02734375
0.0025890215765684843,25737.064453125,0.0024903768207877874,59581.5625
0.0025927582755684853,26207.490234375,0.0024528850335627794,72702.2734375
0.0026021164376288652,24316.05078125,0.0024563013575971127,60289.4140625
0.0026068328879773617,23828.185546875,0.0025200818199664354,85085.03125
0.0025760012213140726,18655.826171875,0.002461605705320835,55317.66015625
0.002575133927166462,21085.44140625,0.0024629998952150345,61546.21484375
0.0025862993206828833,18277.80078125,0.0026063777040690184,63189.4921875
0.002574027283117175,15783.5224609375,0.002464309800416231,54606.1328125
0.002579334657639265,18609.529296875,0.0024525336921215057,61611.23046875
0.0025807644706219435,18015.9921875,0.002457745373249054,58055.48046875
0.002564407652243972,18111.0859375,0.0024441105779260397,66175.1015625
0.0025889191310852766,20018.54296875,0.0024647328536957502,55051.15625
0.0025907305534929037,17553.548828125,0.0024527295026928186,57995.62890625
0.00258104526437819,19123.5078125,0.002469325205311179,75624.1875
0.0025873773265630007,17460.1796875,0.002470820676535368,64884.7421875
0.0025836618151515722,21417.9140625,0.0024808451998978853,69577.765625
0.0025897843297570944,17343.0546875,0.002535647712647915,51167.56640625
0.002603209111839533,18530.724609375,0.0024432202335447073,56741.6953125
0.0025984763633459806,19313.55078125,0.002474627224728465,56637.62109375
0.0025967094115912914,18647.1640625,0.0024669442791491747,62578.90625
0.0025868501979857683,22860.482421875,0.0024783967528492212,54091.296875
0.002589750336483121,20849.140625,0.002495893044397235,53478.3046875
0.002562438603490591,19685.107421875,0.0025370540097355843,48037.44140625
0.0025967666879296303,21453.501953125,0.0025446508079767227,65748.0
0.0025965406093746424,21967.85546875,0.002428296022117138,62334.37109375
0.002569530624896288,20485.369140625,0.0024578284937888384,78889.6484375
0.002594693098217249,17687.4375,0.002615026431158185,66623.0859375
0.0025944143999367952,20710.376953125,0.0024827648885548115,54023.0078125
0.002602942520752549,25772.978515625,0.002426511375233531,67005.5625
0.0025849458761513233,21469.650390625,0.0025068132672458887,77167.671875
0.002579388441517949,18434.34765625,0.0025015256833285093,60608.04296875
0.00258915894664824,21788.267578125,0.002453223802149296,58035.5
0.0025652179028838873,23163.689453125,0.002586174989119172,57000.0
0.0025630337186157703,18770.763671875,0.002531973645091057,58866.4765625
0.0025931703858077526,18528.568359375,0.0025669755414128304,48033.80859375
0.0025894350837916136,18894.662109375,0.002438862808048725,59602.99609375
0.0025949697010219097,21790.38671875,0.0024407419841736555,55924.875
0.002596631646156311,20273.30859375,0.002488940255716443,62505.41015625
0.00257483241148293,21952.5234375,0.0024726137053221464,79298.90625
0.00259380298666656,17158.3515625,0.002435448346659541,69425.1640625
0.0025845624040812254,28235.13671875,0.0024537257850170135,58254.75
